text	language	label	source	GMUID
Spatial limitations in detention facilities and processing centers can result in overcrowding and substandard living conditions for migrants awaiting immigration proceedings.	eng	2	Chat GPT	G01402226
Research indicates that legalizing same-sex marriage is associated with improved mental health outcomes for LGBTQ individuals, reducing stressors related to societal stigma and discrimination.	eng	10	Chat GPT	G01379905
Improving mental healthcare access and effectiveness for immigrant populations requires culturally sensitive approaches and outreach efforts.	eng	9	Chat GPT	G01402226
Geographical challenges, such as vast and rugged terrain along borders, pose obstacles to implementing comprehensive immigration policies and enforcement strategies.	eng	2	Chat GPT	G01402226
Immigration can strengthen the national workforce by filling critical labor shortages in various sectors. This can contribute to economic security, a key aspect of national defense.	eng	8	Gemini	G01402226
Bilateral or multilateral agreements may include provisions related to same-sex marriage recognition, affecting diplomatic ties and cooperation between countries.	eng	14	Gemini	G01402226
Same-sex couples often encounter challenges in accessing marriage-related services, such as wedding venues and adoption agencies, due to discriminatory practices or lack of LGBTQ+ inclusivity.	eng	4	Gemini	G01379905
Political maneuvering within parties can lead to internal divisions over same-sex marriage policies, with factions advocating for different approaches based on ideological or electoral considerations.	eng	13	Chat GPT	G01402226
Effective communication and public trust are essential for ensuring effective immigration enforcement that doesn't alienate immigrant communities.	eng	8	Chat GPT	G01402226
Desired policy outcomes in same-sex marriage often include promoting equality, non-discrimination, and respect for diversity, both domestically and internationally.	eng	14	Chat GPT	G01402226
Getting ahead of public opinion by advocating for same-sex marriage rights can signal progressive leadership and attract support from younger, more liberal demographics.	eng	12	Chat GPT	G01402226
Social norms regarding labor and employment can impact policies on skilled immigration and guest worker programs, addressing economic needs and workforce demands.	eng	11	Chat GPT	G01402226
Financial benefits like shared health insurance and inheritance rights improve the economic well-being of same-sex spouses.	eng	10	Gemini	G01379905
The focus of national security should remain on identifying and mitigating threats based on qualifications and actions, not sexual orientation.	eng	8	immigrationequality.org	G01402226
Another policy suggestion is the implementation of comprehensive LGBTQ+ inclusive sex education programs in schools to promote understanding and acceptance of diverse relationships.	eng	6	Chat GPT	G01402226
Trends in public opinion can influence policy decisions regarding immigration, with shifts in cultural attitudes towards inclusivity or xenophobia impacting legislative outcomes.	eng	11	Chat GPT	G01379905
Same-sex marriage allows same-sex service members to have their spouses receive military benefits like healthcare and housing, improving their quality of life and potentially reducing deployment stress.	eng	8	Chat GPT	G01402226
Immigration can improve quality of life for many, offering better job opportunities and higher wages.	eng	10	Chat GPT	G01402226
Overall, same-sex marriage appears to be linked to positive health outcomes for LGBTQ+ couples.	eng	9	Chat GPT	G01379905
Comprehensive data collection and analysis are essential for assessing the effectiveness of immigration policies, including metrics such as border apprehensions, visa approval rates, and immigrant integration outcomes.	eng	6	Gemini	G01402226
Human resources shortages, such as trained officiants and wedding planners familiar with same-sex marriage needs, may limit couples' options and support networks.	eng	2	Gemini	G01402226
A society that embraces diversity and inclusion may be better equipped to understand and counter global threats that often stem from intolerance and prejudice.	eng	8	Chat GPT	G01379905
A strong social fabric built on inclusivity can foster a sense of national unity and purpose, potentially strengthening national security.	eng	8	Chat GPT	G01402226
Religious teachings on solidarity and interconnectedness compel believers to challenge policies that perpetuate inequality and injustice within immigration systems.	eng	15	Chat GPT	G01402226
Resistance to same-sex marriage may stem from entrenched cultural biases and social conservatism, leading to political opposition and legal challenges.	eng	11	Gemini	G01379905
Comparative analysis of immigration policies in other countries can provide insights into best practices and lessons learned, informing policy debates and decision-making processes.	eng	9	Chat GPT	G01402226
Brain drain, the emigration of highly skilled individuals, can negatively impact the development of a sending country.	eng	15	Chat GPT	G01402226
Immigrants contribute to the funding of social security and Medicare through payroll taxes, helping to support these programs as the population ages.	eng	1	Chat GPT	G01402226
Overall, while immigration presents both fiscal challenges and opportunities, evidence suggests that well-managed immigration policies can yield net positive economic outcomes for receiving countries over the long term.	eng	15	Chat GPT	G01402226
Diverging from public opinion on same-sex marriage may result in political consequences, as evidenced by the backlash against politicians who oppose marriage equality.	eng	12	Chat GPT	G01402226
The doctrine of federal preemption establishes that federal immigration laws supersede conflicting state and local laws, providing a framework for uniform immigration policy across the country.	eng	5	Chat GPT	G01402226
Financial barriers, including the cost of legal fees for marriage-related paperwork and ceremonies, may deter some same-sex couples from formalizing their relationships.	eng	2	immigrationequality.org	G01402226
Advocacy for same-sex marriage recognition at the international level can foster solidarity among LGBTQ+ communities worldwide and promote dialogue on human rights.	eng	14	Gemini	G01379905
Opponents of same-sex marriage may use it to fuel social division and extremist rhetoric, potentially impacting national security by creating distractions or internal conflicts.	eng	8	Chat GPT	G01402226
Spousal privilege in legal proceedings allows same-sex spouses to withhold testimony against their partner, similar to heterosexual couples.	eng	8	Chat GPT	G01402226
Community values of inclusivity and social justice may drive local initiatives and sanctuary policies aimed at protecting undocumented immigrants from deportation.	eng	11	Chat GPT	G01402226
Access to healthcare for immigrants is often limited due to factors such as legal status, language barriers, and lack of insurance coverage.	eng	9	immigrationequality.org	G01402226
The costs of immigration can include expenditures on public services such as education, healthcare, and social welfare programs for immigrants and their families.	eng	10	Chat GPT	G01402226
Same-sex marriage in the US grants couples legal recognition, leading to greater security and stability.	eng	10	Chat GPT	G01402226
Despite challenges, studies show an overall improvement in quality of life for many same-sex couples after marriage legalization.	eng	10	Gemini	G01402226
I will argue that the earth belongs to humanity in common and that this matters for assessing immigration policy.Â 	eng	11	Gemini	G01402226
Limited access to healthcare among immigrant communities can exacerbate health disparities and contribute to the spread of illness and disease.	eng	9	Chat GPT	G01402226
Conversely, same-sex marriage may be celebrated as a victory for civil rights and equality by parties seeking to align with progressive values and appeal to a broader base of voters.	eng	13	Gemini	G01402226
Immigration detention practices often target vulnerable populations, including asylum seekers and undocumented immigrants, amplifying existing social and economic disparities.	eng	7	geographical.co.uk	G01402226
Same-sex marriage hasn't shown any negative impacts on public health compared to heterosexual marriage.	eng	9	Chat GPT	G01402226
Desired policy outcomes in immigration often include balancing national security concerns with humanitarian obligations, fostering economic growth, and promoting social cohesion.	eng	4	Chat GPT	G01402226
Deportation can tear families apart and disrupt communities, impacting public safety by fostering a climate of fear and distrust.	eng	7	Chat GPT	G01402226
Partisan filibusters have been used to block or delay legislation related to same-sex marriage, with parties employing procedural tactics to advance or hinder marriage equality measures.	eng	13	Gemini	G01402226
Anticipating demographic shifts and evolving social attitudes towards same-sex marriage can inform strategic decision-making and policy formulation.	eng	12	Gemini	G01402226
Evaluating the effectiveness of these policies requires assessing their impact on reducing barriers to marriage equality and improving access to legal recognition and benefits for same-sex couples.	eng	6	Gemini	G01402226
Legal recognition of same-sex marriage can lead to cost savings for governments by streamlining administrative processes related to marriage and reducing legal disputes over relationship recognition.	eng	1	immigrationequality.org	G01402226
However, taking proactive measures to address immigration issues before they become politically contentious can demonstrate leadership and foresight.	eng	12	Gemini	G01402226
Legal recognition of same-sex marriage contributes to the health and safety of LGBTQ couples by providing access to crucial healthcare benefits, including insurance coverage for spouses.	eng	9	Gemini	G01402226
Opponents of same-sex marriage often cite religious beliefs, but morality extends beyond religious doctrine to encompass fairness, compassion, and empathy for all individuals.	eng	3	Chat GPT	G01402226
Stakeholder engagement and input from affected communities, including immigrants and advocacy organizations, are critical for understanding the real-world impacts of immigration policies and identifying areas for improvement.	eng	6	Chat GPT	G01402226
Family reunification, a major reason for immigration, can strengthen support networks and overall well-being.	eng	10	Chat GPT	G01402226
Punitive measures against same-sex couples, such as denial of marriage licenses or discrimination in adoption rights, perpetuate systemic inequalities and deny LGBTQ+ individuals their fundamental rights.	eng	4	Chat GPT	G01402226
Overall, while there are financial implications associated with same-sex marriage, the economic benefits of equality and inclusion outweigh the costs, contributing to a more prosperous and equitable society.	eng	11	Chat GPT	G01402226
Research hasn't shown a significant impact of same-sex marriage on overall crime rates.	eng	7	Chat GPT	G01402226
Trends in public opinion show increasing acceptance and support for same-sex marriage, with cultural shifts towards inclusivity and recognition of diverse relationships.	eng	11	Chat GPT	G01402226
Marriage equality grants same-sex couples legal protections against domestic violence and abuse, previously more difficult to address.	eng	7	Gemini	G01402226
Addressing barriers to healthcare access for immigrants is essential for ensuring public health and preventing the transmission of communicable diseases.	eng	9	Chat GPT	G01402226
While some corporations may assert religious objections to same-sex marriage, they are subject to anti-discrimination laws that prohibit discriminatory practices based on sexual orientation.	eng	5	Chat GPT	G01402226
Various policies have been proposed to address the problem of discrimination against same-sex couples in accessing marriage-related benefits and services.	eng	6	Gemini	G01402226
Integration of immigrants into communities can help counter extremist ideologies and build trust with law enforcement, aiding security efforts.	eng	8	Chat GPT	G01379905
Same-sex marriage promotes family acceptance and support, which can have positive implications for the mental and emotional well-being of LGBTQ individuals, reducing the risk of homelessness and isolation.	eng	3	immigrationequality.org	G01402226
Social norms surrounding immigration often reflect historical attitudes towards immigrants and perceptions of national identity.	eng	11	Chat GPT	G01402226
Conversely, cultural norms of fear of cultural change or economic competition may lead to policies advocating for stricter border controls and immigration restrictions.	eng	11	Chat GPT	G01402226
Same-sex marriage policies can influence external relations between nations, impacting perceptions of a country's commitment to human rights and equality on the global stage.	eng	14	Chat GPT	G01402226
Harsh immigration policies can incentivize crime by pushing immigrants into the shadows and limiting access to legal resources.	eng	7	Chat GPT	G01402226
Judicial interpretation of the Constitution has shaped immigration law and policy, establishing limits on government authority and protecting the rights of individuals and groups.	eng	5	Chat GPT	G01402226
Studies suggest same-sex marriage can lead to increased health insurance access and routine checkups, especially for gay men.	eng	9	geographical.co.uk	G01402226
Diverging from public opinion on immigration can carry political consequences, potentially alienating certain voter blocs or constituencies.	eng	12	geographical.co.uk	G01402226
Increased cultural diversity through immigration can enrich communities and broaden perspectives.	eng	1	Chat GPT	G01402226
The debate over same-sex marriage continues to evolve, reflecting changing societal attitudes and legal frameworks worldwide.	eng	15	Chat GPT	G01402226
The stress reduction from societal acceptance through same-sex marriage legalization might improve mental and physical health for LGBTQ+ couples.	eng	9	Gemini	G01402226
Partisan filibusters often stall immigration reform bills, with parties leveraging procedural tactics to advance or obstruct legislative agendas.	eng	13	immigrationequality.org	G01402226
Some politicians frame same-sex marriage as a litmus test for their party's commitment to equality and social progress, positioning support for marriage equality as a defining principle.	eng	13	Gemini	G01402226
Values such as compassion, hospitality, and respect for diversity may shape policies favoring refugee resettlement or pathways to citizenship for undocumented immigrants.	eng	11	Gemini	G01402226
However, immigrants also contribute to the economy through labor force participation, entrepreneurship, and tax revenue generation, which can offset some of these costs.	eng	1	Chat GPT	G01402226
Customs related to family reunification can influence policies on family-based immigration, prioritizing the reunification of nuclear families.	eng	11	Chat GPT	G01402226
Same-sex marriage legalization has been a landmark achievement in many countries, marking a significant step towards LGBTQ+ equality.	eng	15	Gemini	G01402226
Addressing concerns and misconceptions about immigration through education and outreach efforts can help shape public opinion and foster greater understanding.	eng	12	Chat GPT	G01402226
Increased cultural diversity through immigration can foster understanding and tolerance, potentially reducing societal tensions and promoting domestic security.	eng	8	Chat GPT	G01402226
General social attitudes towards immigration can vary widely depending on factors such as region, demographics, and political affiliation.	eng	12	Chat GPT	G01402226
Demographic information reveals disparities in attitudes towards immigration among different age groups, ethnicities, and socioeconomic backgrounds.	eng	12	Chat GPT	G01402226
Marriage equality promotes LGBTQ+ visibility and acceptance, which could lead to a decrease in hate crimes targeting same-sex couples.	eng	7	Gemini	G01402226
Differences in immigration policies between neighboring countries can lead to tensions and disputes over border security, migrant flows, and refugee resettlement.	eng	14	Chat GPT	G01402226
The mismatch between policy goals and available resources can lead to enforcement prioritization challenges and inconsistencies in immigration enforcement practices.	eng	2	Gemini	G01402226
Prevention of gun violence among immigrant populations requires comprehensive strategies addressing factors such as community safety, access to firearms, and mental health support.	eng	9	Chat GPT	G01402226
Respect for individual autonomy and the pursuit of happiness form the moral foundation for supporting same-sex marriage.	eng	3	Chat GPT	G01402226
Inspired by a sense of righteousness, religious communities may mobilize to support immigrants' rights and advocate for comprehensive immigration reform that upholds human dignity.	eng	3	Chat GPT	G01402226
One proposed policy involves the expansion of anti-discrimination laws to explicitly protect LGBTQ+ individuals from discrimination in marriage-related contexts.	eng	6	Chat GPT	G01402226
Marriage equality promotes workplace equality, reducing turnover costs associated with discrimination and enhancing productivity through a more inclusive work environment.	eng	1	Chat GPT	G01402226
The Bill of Rights guarantees certain freedoms to individuals, including the rights to due process and equal protection under the law, which apply to immigrants regardless of their status.	eng	5	Chat GPT	G01402226
Moral judgments on same-sex marriage often hinge on deeply held beliefs and cultural norms, but evolving perspectives acknowledge the intrinsic value of love and commitment regardless of gender.	eng	3	Gemini	G01402226
Immigration can lead to increased consumer demand, stimulating economic growth and creating new job opportunities in various sectors.	eng	1	Gemini	G01402226
However, domestic violence can occur in same-sex marriages just like heterosexual marriages.	eng	7	Chat GPT	G01402226
Re-entering the US after deportation is a federal crime with varying penalties depending on circumstances.	eng	7	Chat GPT	G01402226
Policymakers may face pressure to align immigration policies with public opinion to maintain political support and legitimacy.	eng	12	Gemini	G01402226
Ultimately, the morality of same-sex marriage lies in recognizing and affirming the inherent worth and equal rights of LGBTQ+ individuals to form loving and legally recognized unions.	eng	3	Gemini	G01402226
Public opinion on same-sex marriage is influenced by various factors, including media representation, personal relationships, and cultural norms.	eng	12	Chat GPT	G01402226
Some religious doctrines advocate for welcoming immigrants and refugees, citing moral imperatives to show compassion and hospitality to those in need.	eng	3	Gemini	G01402226
Entering the US without authorization is a civil violation, not a crime, but it can lead to deportation proceedings.	eng	7	Gemini	G01402226
Pilot programs and policy experiments, such as guest worker programs or regional migration agreements, offer opportunities to test innovative approaches but require careful monitoring and evaluation to assess their impact.	eng	6	Gemini	G01402226
Immigration entails both costs and benefits, with economic impacts varying depending on factors such as skill levels, employment patterns, and social services utilization.	eng	1	immigrationequality.org	G01402226
In jurisdictions where same-sex marriage is not legally recognized, LGBTQ+ couples face inequality in accessing marriage-related benefits, including tax benefits, inheritance rights, and spousal healthcare coverage.	eng	4	Gemini	G01402226
Language and cultural competency play vital roles in integration policies, with efforts to promote linguistic and cultural assimilation or multiculturalism reflecting cultural norms.	eng	11	Chat GPT	G01402226
Punishment for immigration violations can vary widely based on factors such as socioeconomic status and access to legal representation, leading to disparities in outcomes.	eng	4	Chat GPT	G01402226
Community support and advocacy play crucial roles in advancing same-sex marriage policies, mobilizing grassroots movements and shaping public opinion.	eng	12	Chat GPT	G01402226
Achieving true marriage equality necessitates ongoing legal reforms, public education, and advocacy efforts to dismantle discriminatory barriers and ensure that all couples have equal access to the institution of marriage.	eng	4	Chat GPT	G01402226
Lobbyist involvement in same-sex marriage debates often reflects the interests of advocacy groups, religious organizations, and businesses seeking to influence policy outcomes.	eng	13	Chat GPT	G01402226
Legal recognition allows same-sex couples to navigate the criminal justice system together if one partner is a victim or witness.	eng	7	Chat GPT	G01402226
Same-sex marriage equality advocates strive for impartial treatment under the law, ensuring that all couples, regardless of sexual orientation, have equal access to marriage rights and benefits.	eng	4	Chat GPT	G01402226
The First Amendment protects the rights of individuals and organizations to advocate for immigration reform and express dissent against government policies.	eng	6	Chat GPT	G01402226
Serious crimes committed by immigrants can result in deportation, even for legal residents.	eng	7	Gemini	G01402226
Same-sex couples have long fought for the right to marry, advocating for recognition of their relationships and equal treatment under the law.	eng	15	Gemini	G01402226
Immigration policies can affect government budgets at the federal, state, and local levels, influencing spending on law enforcement, social services, and infrastructure.	eng	1	Chat GPT	G01402226
Discrimination and xenophobia can undermine efforts to achieve immigration equality, perpetuating stereotypes and barriers to integration for immigrant communities.	eng	4	Chat GPT	G01402226
Cultural and societal resistance to same-sex marriage can create social stigmas and discrimination, affecting couples' well-being and sense of belonging.	eng	2	Chat GPT	G01402226
The recognition of same-sex marriage reflects a commitment to equality and dignity for all individuals, promoting a safer and more inclusive society where LGBTQ couples can thrive and access essential resources for their health and well-being.	eng	9	Gemini	G01402226
Ultimately, policymakers must navigate the complexities of immigration policy while balancing the demands of public opinion with the need to uphold principles of justice, human rights, and economic opportunity.	eng	6	Chat GPT	G01402226
In recent decades, immigration patterns have led to more cross-cultural experiences on both sides of the border.	eng	14	Chat GPT	G01402226
Education and awareness campaigns play a crucial role in shaping public opinion and dispelling myths and misconceptions about same-sex marriage.	eng	12	Gemini	G01402226
Human resources shortages, including qualified immigration judges and asylum officers, contribute to backlogs in immigration courts and processing delays.	eng	2	Chat GPT	G01402226
Collaboration on immigration issues can build trust and goodwill between nations, fostering stronger diplomatic relations and facilitating cooperation on broader global challenges.	eng	14	Gemini	G01402226
International comparisons of immigration policies and outcomes can inform policymakers about best practices and potential areas for improvement in managing migration.	eng	14	Chat GPT	G01402226
Increased social acceptance of LGBTQ+ individuals may lead to a more inclusive military environment, boosting morale and retention.	eng	8	Gemini	G01402226
Discrimination against same-sex couples in marriage laws and practices undermines efforts to achieve marriage equality, perpetuating stigma and marginalization within LGBTQ+ communities.	eng	5	Gemini	G01402226
The mismatch between policy goals of marriage equality and available resources for implementation can lead to disparities in enforcement and protection of same-sex couples' rights.	eng	6	Chat GPT	G01402226
Legalizing same-sex marriage has been celebrated as a victory for human rights and social justice, affirming the dignity and worth of LGBTQ+ individuals.	eng	15	Gemini	G01402226
Immigration policies can impact healthcare access by deterring immigrants from seeking medical care out of fear of deportation or discrimination.	eng	9	Gemini	G01402226
The societal acceptance of same-sex marriage can foster economic growth by attracting LGBTQ+ tourists and residents, bolstering local economies and real estate markets.	eng	1	Chat GPT	G01402226
Demographic information reveals generational divides, with younger generations expressing higher levels of support for same-sex marriage compared to older cohorts.	eng	12	Gemini	G01402226
Advocates for same-sex marriage equality emphasize the importance of recognizing love and commitment regardless of sexual orientation, promoting the principles of fairness and respect for individual autonomy.	eng	4	Chat GPT	G01402226
A balanced approach that addresses both border security and the needs of immigrant communities is necessary for a safer and more just society.	eng	7	Chat GPT	G01402226
General social attitudes towards same-sex marriage have shifted significantly in recent years, with increasing acceptance and support across various demographics.	eng	12	Chat GPT	G01402226
Deal-making and vote trading occur in same-sex marriage debates, as legislators negotiate support for marriage equality in exchange for concessions on other policy issues.	eng	13	Chat GPT	G01402226
International comparisons of same-sex marriage policies and outcomes can inform discussions on human rights standards and LGBTQ+ rights advocacy efforts.	eng	14	immigrationequality.org	G01402226
Some argue that undocumented immigrants are more likely to commit crimes, but research shows crime rates among immigrants are generally lower than native-born populations.	eng	7	Gemini	G01402226
Ensuring safe and healthy living conditions for immigrants involves addressing issues such as sanitation, housing quality, and access to healthcare and social services.	eng	9	Chat GPT	G01402226
Legal recognition of same-sex marriage facilitates access to legal protections and rights, such as hospital visitation rights and decision-making authority in medical emergencies, ensuring the safety of LGBTQ spouses.	eng	9	immigrationequality.org	G01379905
Overall, the legal landscape surrounding same-sex marriage reflects a balance between government regulation and individual freedoms, with courts serving as arbiters of constitutional rights and equality for all couples, regardless of sexual orientation.	eng	13	Chat GPT	G01402226
Same-sex marriage policies may intersect with broader foreign policy objectives, such as promoting democracy, human rights, and social justice on the global stage.	eng	14	Gemini	G01402226
Disparities in same-sex marriage laws between countries can lead to challenges for binational same-sex couples, impacting immigration policies, and family reunification procedures.	eng	14	hks.harvard.edu/	G01402226
Recognition of same-sex marriage eliminates legal ambiguities regarding spousal benefits and decision-making in case of injury or death during service.	eng	8	Gemini	G01402226
Reforms to the legal immigration system, including changes to visa categories and quotas, aim to streamline processes and address labor market demands but must balance economic priorities with humanitarian considerations.	eng	4	Gemini	G01402226
The ability to adopt children and raise families creates a sense of fulfillment and strengthens family life for some same-sex couples.	eng	10	Chat GPT	G01402226
Government constraints on same-sex marriage have been challenged and struck down by courts, including bans on same-sex marriage and discriminatory practices in marriage licensing and recognition.	eng	5	Gemini	G01402226
Executive authority over immigration is derived from the President's role as Commander-in-Chief and chief diplomat, allowing for the implementation of executive orders and directives to enforce immigration laws.	eng	5	Gemini	G01402226
Achieving true immigration equality necessitates comprehensive reforms that address systemic injustices and promote the fundamental principles of equality and justice for all.	eng	4	immigrationequality.org	G01402226
Marriage can provide a social support system which benefits health overall.	eng	10	Chat GPT	G01402226
Social norms regarding same-sex marriage have evolved significantly in recent years, reflecting changing attitudes towards LGBTQ+ rights and equality.	eng	5	Chat GPT	G01402226
Marriage equality allows for more open and honest relationships with family and friends, fostering social support.	eng	10	Chat GPT	G01402226
Immigration proposals may be crafted to appeal to swing voters or key constituencies in battleground states, strategically targeting regions with significant immigrant populations.	eng	13	Gemini	G01402226
Immigration policies may affect international perceptions of a country's openness and inclusivity, which can in turn impact tourism, foreign investment, and diplomatic relations.	eng	6	Gemini	G01402226
Same-sex marriage may encourage safer sex practices within the committed relationship.	eng	9	Gemini	G01402226
Geographical disparities in access to same-sex marriage rights may arise due to variations in state or national laws, creating inequalities within and between regions.	eng	2	Gemini	G01402226
Marriage equality fosters a supportive environment for LGBTQ couples, reducing the risk of intimate partner violence and improving safety within relationships.	eng	9	Chat GPT	G01402226
Lobbyist involvement in immigration policymaking can sway decision-makers through campaign contributions and advocacy efforts, influencing the direction of legislation.	eng	13	Chat GPT	G01402226
Same-sex marriage ceremonies often serve as joyous celebrations of love and commitment, bringing couples and their communities together in solidarity.	eng	11	Chat GPT	G01402226