text	language	label	source	annotator
Comprehensive data collection and analysis are essential for assessing the effectiveness of immigration policies, including metrics such as border apprehensions, visa approval rates, and immigrant integration outcomes.	eng	9	Chat GPT	G01391997
Executive authority may influence same-sex marriage policy through executive orders and directives, particularly regarding federal recognition and benefits for same-sex couples.	eng	5	Chat GPT	G01391997
Capacity issues within existing marriage registration systems may lead to administrative delays or errors in processing same-sex marriage licenses and certificates.	eng	2	Chat GPT	G01391997
Upholding same-sex marriage as morally permissible fosters a more inclusive and compassionate society that celebrates diversity and respects human rights.	eng	3	Chat GPT	G01391997
Second-generation immigrants often excel academically, demonstrating the potential benefits of integrating families.	eng	15	Gemini	G01391997
Policymakers often face pressure to align with public opinion on same-sex marriage to maintain electoral support and legitimacy.	eng	12	Gemini	G01391997
Polling data often reflects a complex landscape of opinions on immigration, with trends indicating shifts in public sentiment over time.	eng	12	Gemini	G01391997
The Constitution grants the federal government authority to regulate immigration, including the establishment of policies regarding entry, deportation, and naturalization.	eng	5	Chat GPT	G01391997
Skilled immigration can enhance innovation and technological advancement, leading to long-term economic benefits through increased productivity and competitiveness.	eng	1	Chat GPT	G01391997
Enhanced border security policies, such as increased surveillance and physical barriers, aim to reduce illegal crossings and enhance national security but may be costly and ineffective in addressing root causes of migration.	eng	6	Chat GPT	G01391997
Evaluating the effectiveness of these policies requires considering their objectives, feasibility, and potential unintended consequences.	eng	6	Chat GPT	G01391997
The Bill of Rights protects the rights of same-sex couples to privacy and equal protection under the law, as affirmed by the Supreme Court in landmark cases such as Obergefell v. Hodges.	eng	5	Chat GPT	G01391997
Social integration and acceptance are crucial for immigrants to feel safe and contribute fully to society, impacting quality of life.	eng	10	Gemini	G01391997
Some religious leaders and organizations advocate for policies that prioritize family unity and reunification, recognizing the inherent value of maintaining familial bonds within immigrant communities.	eng	3	immigrationequality.org	G01391997
Marriage equality encourages open communication and mutual support within LGBTQ relationships, fostering healthier dynamics and reducing the prevalence of mental health challenges such as depression and anxiety.	eng	9	Chat GPT	G01391997
Limited resources for immigration processing and enforcement can exacerbate inequalities, as individuals with greater financial means may navigate the system more effectively.	eng	4	Chat GPT	G01391997
Various policies have been proposed to address immigration challenges, such as border security measures, pathways to citizenship for undocumented immigrants, and reforms to the legal immigration system.	eng	6	Chat GPT	G01391997
Overcoming barriers related to the lack of resources and capacity in implementing same-sex marriage policies requires sustained advocacy, education, and institutional reform to ensure equal rights and opportunities for all couples, regardless of sexual orientation.	eng	2	Chat GPT	G01391997
Moral progress is evident in societies that recognize the dignity and worth of LGBTQ+ individuals through the legalization and acceptance of same-sex marriage.	eng	3	Chat GPT	G01391997
Effective criminal justice reform is crucial for all communities, regardless of immigration status.	eng	7	Gemini	G01391997
Cultural exchange through immigration broadens our understanding of the world and can challenge our perspectives.	eng	15	Gemini	G01391997
The Fourteenth Amendment ensures that all persons within the United States, including immigrants, are entitled to equal protection of the laws and due process rights.	eng	5	Chat GPT	G01391997
Some political leaders openly declare their opposition to same-sex marriage, viewing it as contrary to their party's values or detrimental to their electoral prospects in certain constituencies.	eng	13	Chat GPT	G01391997
Immigration policies may influence foreign policy objectives, such as promoting human rights, humanitarian assistance, or cultural exchange programs.	eng	14	Chat GPT	G01391997
Overall, the impact of immigration on quality of life can be complex, with both potential benefits and drawbacks depending on individual circumstances and receiving communities.	eng	10	Gemini	G01391997
Customs related to marriage ceremonies and celebrations have adapted to accommodate same-sex couples, reflecting cultural norms of celebration and familial acceptance.	eng	11	Chat GPT	G01391997
While government authority to regulate immigration is paramount, individuals and corporations may still exercise certain freedoms within the bounds of the law, including engaging in advocacy, providing legal assistance to immigrants, and petitioning for changes to immigration policies.	eng	5	Chat GPT	G01391997
Same-sex marriage promotes safer relationships by encouraging couples to seek regular healthcare services, including HIV testing and preventive care.	eng	9	Chat GPT	G01391997
Inadequate funding for LGBTQ+ advocacy and support organizations may limit efforts to promote same-sex marriage acceptance and awareness.	eng	2	Chat GPT	G01391997
Some advocate for the establishment of legal aid programs specifically tailored to assist same-sex couples in navigating the complexities of marriage laws and procedures.	eng	6	Chat GPT	G01391997
Monitoring and evaluating the implementation of existing policies can provide insights into their effectiveness and identify areas for improvement.	eng	6	Chat GPT	G01391997
LGBTQ couples have been able to obtain marriage-based immigration benefits since the U.S. Supreme Court held that the Defense of Marriage Act (DOMA) was unconstitutional on June 26, 2013.	eng	6	immigrationequality.org	G01391997
Language learning programs can help immigrants integrate faster and contribute more fully to society.	eng	15	Gemini	G01391997
Understanding the cultural underpinnings of immigration policy debates is crucial for fostering informed dialogue and crafting policies that align with societal values while addressing complex immigration challenges.	eng	11	Chat GPT	G01391997
There are financial implications associated with border enforcement and immigration enforcement measures, including the costs of border patrol, detention facilities, and legal proceedings.	eng	1	Chat GPT	G01391997
Some politicians frame immigration policies as beneficial or detrimental to their party's electoral prospects, using the issue to rally support or mobilize opposition.	eng	13	Chat GPT	G01391997
Religious doctrines of forgiveness and redemption may lead believers to advocate for compassionate immigration policies that provide pathways to legal status for undocumented immigrants.	eng	3	immigrationequality.org	G01391997
Comparative analysis of immigration policies in other countries can provide insights into best practices and lessons learned, informing policy debates and decision-making processes.	eng	6	Chat GPT	G01391997
Deal-making and vote trading are common in immigration debates, with lawmakers exchanging support for immigration policies in exchange for concessions on other issues.	eng	13	Chat GPT	G01391997
Same-sex marriage itself isn't a crime and doesn't impact criminal justice directly.	eng	7	Gemini	G01391997
Political instability or violence in a home country can be a major driver of immigration, with safety being a key factor in quality of life.	eng	10	Gemini	G01391997
Collaborative efforts between government agencies, advocacy organizations, and community groups are essential for developing and implementing effective policies that address the unique needs of LGBTQ+ couples.	eng	6	Chat GPT	G01391997
Same-sex spouses of military personnel can contribute to national security by providing crucial support systems for service members, enhancing overall well-being.	eng	8	Gemini	G01391997
Same-sex marriage may increase demand for family-related services such as adoption, fertility treatments, and family counseling, generating revenue for relevant industries.	eng	1	geographical.co.uk	G01391997
Disparities in immigration policies among countries can create incentives for irregular migration and human trafficking, straining relations and necessitating cross-border cooperation.	eng	14	Chat GPT	G01391997
Understanding the cultural context of same-sex marriage debates is essential for policymakers to craft inclusive policies that respect the rights and dignity of LGBTQ+ individuals while addressing societal values and norms.	eng	11	Chat GPT	G01391997
Denying the right to marry based on sexual orientation perpetuates discrimination and undermines the moral principle of equality.	eng	3	Chat GPT	G01391997
Legal marriage offers financial stability, potentially reducing health risks linked to poverty.	eng	9	Gemini	G01391997
Ultimately, policymakers must balance public opinion with principles of equality and human rights, ensuring that policies on same-sex marriage reflect the evolving values and aspirations of society.	eng	12	Gemini	G01391997
The focus of crime and punishment should remain on individual actions, not marital status or sexual orientation.	eng	7	Gemini	G01391997
Rooted in principles of justice and equity, religious perspectives on immigration underscore the importance of creating inclusive societies that embrace diversity and uphold the inherent worth and dignity of all individuals, regardless of immigration status.	eng	3	immigrationequality.org	G01391997
Increased resources for border security and enforcement might not always translate to a decrease in crime, and could divert funds from other social programs.	eng	7	Gemini	G01391997
Increased social acceptance associated with marriage equality contributes to a greater sense of belonging and self-worth.	eng	10	Gemini	G01391997
Lack of access to healthcare and mental health services can contribute to stress, anxiety, and other mental health issues among immigrant communities.	eng	9	Chat GPT	G01391997
Advocates for immigration equality argue for policies that prioritize human rights, dignity, and inclusivity, recognizing the contributions and humanity of all individuals regardless of immigration status.	eng	4	Chat GPT	G01391997
Political maneuvering within parties can lead to internal divisions over immigration policies, with factions advocating for different approaches based on ideological or electoral considerations.	eng	13	Chat GPT	G01391997
Balancing the rights and interests of same-sex couples with those of heterosexual couples requires challenging societal norms and ensuring that laws and policies are inclusive and equitable.	eng	4	Chat GPT	G01391997
Immigrant labor often fills gaps in the workforce, particularly in industries with labor shortages, thereby boosting productivity and competitiveness.	eng	1	Chat GPT	G01391997
The Constitution grants individuals the freedom to marry whomever they choose, regardless of gender, under the principles of liberty and equality enshrined in the Fourteenth Amendment.	eng	5	Chat GPT	G01391997
Immigrants may be disproportionately affected by gun violence due to factors such as socioeconomic disparities, neighborhood violence, and lack of access to mental healthcare.	eng	9	Chat GPT	G01391997
Same-sex marriage has no bearing on an individual's ability or patriotism in serving their country.	eng	8	Gemini	G01391997
Mentioning the cultural and moral implications of same-sex marriage can serve as a political strategy, with parties framing the issue in ways that resonate with their voter base.	eng	13	Chat GPT	G01391997
Discriminatory laws and societal attitudes towards same-sex relationships can jeopardize the health and safety of LGBTQ individuals, underscoring the importance of legal protections afforded by marriage equality.	eng	9	Chat GPT	G01391997
Research suggests a decrease in healthcare utilization for some LGBTQ+ individuals after marriage legalization, possibly due to reduced stress.	eng	9	Gemini	G01391997
The principle of federalism allows states to enact laws governing marriage within their jurisdictions, but such laws must comply with federal constitutional standards, including equal protection and due process.	eng	5	Chat GPT	G01391997
Religious duty to care for the vulnerable and marginalized compels believers to challenge xenophobic rhetoric and policies that demonize immigrants and refugees.	eng	3	immigrationequality.org	G01391997
Bilateral or multilateral trade agreements often include provisions related to immigration, such as provisions for the movement of labor or visa facilitation for business travelers.	eng	14	Chat GPT	G01391997
Bipartisan efforts to address immigration challenges may face hurdles as parties negotiate competing priorities and interests.	eng	13	Chat GPT	G01391997
Appeals to one's political base often shape immigration stances, with parties positioning themselves to appeal to their respective voter demographics.	eng	13	Chat GPT	G01391997
Financial constraints may limit investments in technology and surveillance systems necessary for monitoring and managing migration flows effectively.	eng	2	Chat GPT	G01391997
Rewards for marriage compliance, such as legal recognition and societal acceptance, may be unequally distributed based on prevailing attitudes and cultural norms.	eng	4	Chat GPT	G01391997
Legal recognition of same-sex marriage can lead to cost savings for governments by streamlining administrative processes related to marriage and reducing legal disputes over relationship recognition.	eng	1	geographical.co.uk	G01391997
Overall, while there are financial implications associated with same-sex marriage, the economic benefits of equality and inclusion outweigh the costs, contributing to a more prosperous and equitable society.	eng	1	geographical.co.uk	G01391997
However, challenges persist, including ongoing discrimination and disparities in access to marriage-related services, indicating the need for continued policy efforts.	eng	6	Chat GPT	G01391997
Ultimately, addressing immigration challenges requires a comprehensive and nuanced approach that considers the complex factors driving migration while balancing security, humanitarian, and economic concerns.	eng	6	Chat GPT	G01391997
However, language barriers and difficulty recognizing foreign qualifications can initially hinder economic mobility for immigrants.	eng	10	Gemini	G01391997
Immigration law is very complicated and couples should speak with a qualified attorney before filing anything	eng	6	immigrationequality.org	G01391997
Some immigrants may have ties to criminal organizations or extremist groups, posing potential security risks.	eng	8	Gemini	G01391997
Research suggests reduced stress and depression in LGBTQ+ couples after marriage legalization, impacting mental health.	eng	10	Gemini	G01391997
Mentioning the economic impact of immigration can serve as a political tool, with parties emphasizing job creation or wage protection to appeal to specific voter groups.	eng	13	Chat GPT	G01391997
Limited resources for legal representation and advocacy can exacerbate inequalities, particularly for LGBTQ+ individuals facing discrimination or legal barriers to marriage.	eng	4	Chat GPT	G01391997
Immigrant communities often maintain their traditions, enriching local cultural landscapes with food, music, and art.	eng	15	Gemini	G01391997
Pathways to citizenship for undocumented immigrants, such as comprehensive immigration reform, seek to provide legal status and integration opportunities but face political hurdles and opposition from anti-immigrant groups.	eng	6	Chat GPT	G01391997
Immigrants may face challenges in accessing mental health services due to cultural stigma, language barriers, and lack of culturally competent care.	eng	9	Chat GPT	G01391997
Challenges persist in achieving full equality for same-sex couples, including ongoing legal battles, social stigma, and discrimination in various spheres of life.	eng	15	Chat GPT	G01391997
The principle of checks and balances among the branches of government ensures oversight of immigration policy, with Congress responsible for enacting legislation and the judiciary tasked with interpreting and applying the law.	eng	5	Chat GPT	G01391997
Access to better education systems is a reason many families immigrate, seeking a brighter future for their children.	eng	10	Gemini	G01391997
Limited access to legal representation for migrants, particularly those facing deportation proceedings, undermines due process and fairness within the immigration system.	eng	2	Chat GPT	G01391997
The ability to inherit from a spouse provides security and reduces financial burdens on surviving partners.	eng	9	Gemini	G01391997
Religious beliefs and cultural traditions may shape attitudes towards same-sex marriage, leading to debates over the separation of church and state in policymaking.	eng	11	Chat GPT	G01391997
Immigration policies can significantly impact external relations between nations, influencing diplomatic ties, and cooperation on security and economic matters.	eng	14	Chat GPT	G01391997
Same-sex marriage remains a contentious issue in many societies, highlighting the ongoing struggle for LGBTQ+ rights and acceptance.	eng	15	Chat GPT	G01391997
Capacity issues within existing immigration systems, such as outdated technology and administrative inefficiencies, impede the timely processing of visa applications and immigration benefits.	eng	2	Chat GPT	G01391997
The recognition of same-sex marriage by governments has profound implications for LGBTQ+ individuals' rights and freedoms, shaping their access to legal protections and benefits.	eng	15	Chat GPT	G01391997
The lack of physical resources, such as border infrastructure and personnel, can hinder effective immigration enforcement and border security measures.	eng	2	Chat GPT	G01391997
Ultimately, shaping public sentiment towards immigration requires addressing legitimate concerns while promoting the positive aspects of a welcoming and inclusive society.	eng	13	Gemini	G01391997
Geographic disparities exist, with urban areas offering more LGBTQ+ friendly environments compared to some rural regions.	eng	10	Gemini	G01391997
Addressing the lack of resources and capacity within immigration systems requires comprehensive reforms and investments to ensure the humane and efficient management of migration while upholding the rule of law and protecting human rights.	eng	2	Chat GPT	G01391997
Political parties may strategically appeal to their base by taking a stance for or against same-sex marriage, leveraging the issue to mobilize supporters and attract donations.	eng	13	Chat GPT	G01391997
However, large-scale immigration can strain resources and infrastructure, impacting border security and national preparedness.	eng	8	Gemini	G01391997
Anticipating demographic shifts and evolving social attitudes towards immigration can inform policy decisions and long-term planning.	eng	12	Gemini	G01391997
Same-sex marriage recognition can serve as a benchmark for progress towards LGBTQ+ rights and inclusion, shaping perceptions of a country's social values and priorities.	eng	14	Chat GPT	G01391997
Cyber security concerns exist, with potential vulnerabilities in immigration systems that could be exploited by criminals or hostile nations.	eng	8	Gemini	G01391997
Public opinion on immigration may be influenced by media coverage, political rhetoric, and cultural narratives, highlighting the importance of accurate information and communication strategies.	eng	12	Gemini	G01391997
Ultimately, same-sex marriage is a social justice issue, and ensuring equal rights for all citizens can contribute to a more stable and secure society.	eng	8	Gemini	G01391997
Duty-bound by principles of justice and humanitarianism, certain religious groups advocate for policies that prioritize the protection and fair treatment of immigrants, irrespective of legal status.	eng	3	immigrationequality.org	G01391997
Immigration policies that prioritize background checks and vetting procedures are crucial for national security.	eng	8	Gemini	G01391997
Same-sex marriage has sparked discussions on the nature of love, commitment, and the meaning of family in contemporary society.	eng	15	Chat GPT	G01391997
The First Amendment protects individuals and corporations' rights to express support for same-sex marriage, advocate for LGBTQ+ rights, and engage in business practices that uphold equality and nondiscrimination.	eng	5	Chat GPT	G01391997
Trade agreements and economic partnerships may consider a country's stance on LGBTQ+ rights, including same-sex marriage, as a factor in negotiations and market access.	eng	14	Chat GPT	G01391997
Spatial limitations in venues and facilities for same-sex marriage ceremonies can impede couples' ability to celebrate their unions openly and inclusively.	eng	2	Chat GPT	G01391997
Cultural considerations regarding humanitarianism and human rights may influence policies on asylum and refugee resettlement, reflecting commitments to international obligations and moral principles.	eng	11	Chat GPT	G01391997
Values such as love, commitment, and equality are central to the discourse surrounding same-sex marriage, shaping policies aimed at legalizing and protecting the rights of LGBTQ+ couples.	eng	11	Chat GPT	G01391997
Overall, political considerations heavily influence immigration actions and stances, shaping policy debates and outcomes as parties seek to advance their agendas and secure electoral advantage.	eng	13	Chat GPT	G01391997
The Fourth Amendment safeguards against unreasonable searches and seizures, limiting the government's ability to conduct immigration enforcement activities without proper authorization or probable cause.	eng	5	Chat GPT	G01391997
The nostalgia for home can be a powerful motivator for immigrants to work hard and succeed in their new country.	eng	15	Gemini	G01391997
Polling data consistently demonstrates a growing majority in favor of legalizing same-sex marriage, reflecting changing societal norms and values.	eng	12	Gemini	G01391997
Strengthening relations between countries on same-sex marriage issues can contribute to a more inclusive and equitable global community, advancing shared values of dignity, freedom, and equality for all individuals.	eng	14	Chat GPT	G01391997
Legal recognition of same-sex marriage reflects cultural values of fairness and justice, challenging traditional norms that exclude LGBTQ+ individuals from the institution of marriage.	eng	11	Chat GPT	G01391997
Social norms surrounding gender roles and sexual orientation influence debates on same-sex marriage, with cultural expectations of heteronormativity often influencing policy discussions.	eng	11	Chat GPT	G01391997
Affordable housing and access to healthcare are essential for immigrants to establish themselves and improve their quality of life.	eng	10	Gemini	G01391997
Immigration equality refers to the fair and impartial treatment of individuals regardless of their nationality, ethnicity, or immigration status.	eng	4	Chat GPT	G01391997
Inadequate funding for humanitarian assistance and support services can exacerbate the vulnerability of asylum seekers and refugees, straining local resources and communities.	eng	2	Chat GPT	G01391997
Finding a balance between preserving cultural heritage and adapting to a new society can be a complex challenge for immigrants.	eng	15	Gemini	G01391997
The lack of legal recognition and protection for same-sex marriage in certain jurisdictions reflects a deficiency in political will and commitment to equality.	eng	2	Chat GPT	G01391997
Prior to marriage legalization, some same-sex couples faced discrimination and harassment due to their sexual orientation, which could lead to criminal charges.	eng	7	Gemini	G01391997
Ultimately, addressing immigration challenges requires a comprehensive and nuanced approach that considers the complex factors driving migration while balancing security, humanitarian, and economic concerns.	eng	9	Chat GPT	G01391997
Spousal recognition in healthcare settings allows same-sex couples to make informed decisions for their partner's well-being.	eng	9	Gemini	G01391997
Intelligence gathering and cooperation with international partners are vital in identifying and mitigating threats from foreign actors seeking to enter a country.	eng	8	Gemini	G01391997
State and local governments retain some authority to regulate aspects of marriage, such as licensing and ceremonial procedures, but must do so in a manner that does not infringe upon individuals' constitutional rights.	eng	5	Chat GPT	G01391997
Skilled immigrants can bring innovation and entrepreneurship to a country, boosting economic growth.	eng	15	Gemini	G01391997
Finding a balance between national security and openness to immigration is a complex challenge for governments.	eng	8	Gemini	G01391997
Same-sex marriage may increase demand for family-related services such as adoption, fertility treatments, and family counseling, generating revenue for relevant industries.	eng	1	Chat GPT	G01391997
Marriage can provide stability and support, potentially reducing factors that contribute to crime for some individuals.	eng	7	Gemini	G01391997
Stakeholder engagement and input from affected communities, including immigrants and advocacy organizations, are critical for understanding the real-world impacts of immigration policies and identifying areas for improvement.	eng	6	Chat GPT	G01391997
Ultimately, the success of policies aimed at addressing issues related to same-sex marriage hinges on their ability to promote equality, fairness, and inclusivity within marriage laws and societal norms.	eng	6	Chat GPT	G01391997
Same-sex marriage rights vary widely around the world, with some countries embracing equality while others continue to criminalize LGBTQ+ relationships.	eng	15	Chat GPT	G01391997
Existing policies, such as the legalization of same-sex marriage in many jurisdictions, have been instrumental in advancing equality and recognition for LGBTQ+ couples.	eng	6	Chat GPT	G01391997
Moral arguments in support of same-sex marriage emphasize the importance of love, commitment, and mutual respect in fostering healthy and fulfilling relationships.	eng	3	immigrationequality.org	G01391997
While some immigrants experience initial challenges, studies show they often achieve higher levels of education over time compared to native-born populations.	eng	10	Gemini	G01391997
In many countries, immigration laws and policies often disproportionately impact marginalized communities, resulting in systemic inequalities in how laws are applied and enforced.	eng	4	Chat GPT	G01391997
Social responsibility driven by religious ethics motivates individuals and communities to provide sanctuary and support to undocumented immigrants facing deportation.	eng	3	immigrationequality.org	G01391997
Harmonizing immigration policies with neighboring states or regional blocs can enhance cooperation on border management, law enforcement, and labor mobility.	eng	14	Chat GPT	G01391997
Technology advancements can streamline the immigration process and make it more efficient.	eng	15	Gemini	G01391997
Moral leadership entails advocating for policies and attitudes that affirm the humanity and dignity of all individuals, regardless of their sexual orientation.	eng	3	hks.harvard.edu/	G01391997
Focusing on integration programs and pathways to citizenship can be more effective in reducing crime and promoting public safety.	eng	7	Gemini	G01391997
Legal marriage doesn't guarantee acceptance in all communities, and same-sex couples may face social isolation in certain areas.	eng	10	Gemini	G01391997
Judicial interpretation of the Constitution has expanded marriage rights to include same-sex couples, recognizing marriage as a fundamental right deserving of constitutional protection.	eng	5	Chat GPT	G01391997
Ethical treatment of refugees fleeing war or persecution is a humanitarian concern with global implications.	eng	15	Gemini	G01391997
However, discrimination and prejudice based on sexual orientation can still negatively impact quality of life for LGBTQ+ couples.	eng	10	Gemini	G01391997
Ethical considerations rooted in religious teachings emphasize the importance of treating immigrants with respect and dignity, regardless of cultural or national origin.	eng	3	immigrationequality.org	G01391997
Bipartisan efforts to legalize same-sex marriage have emerged in some jurisdictions, with lawmakers from both sides of the aisle collaborating to advance LGBTQ+ rights.	eng	13	Chat GPT	G01391997
Balancing the rights and interests of native-born citizens with those of immigrants requires careful consideration of principles such as fairness, compassion, and the rule of law.	eng	4	Chat GPT	G01391997
Rewards for immigration compliance, such as pathways to citizenship or work permits, may be unequally distributed, favoring certain groups over others.	eng	4	Chat GPT	G01391997
Spatial limitations in detention facilities and processing centers can result in overcrowding and substandard living conditions for migrants awaiting immigration proceedings.	eng	2	Chat GPT	G01402226
Research indicates that legalizing same-sex marriage is associated with improved mental health outcomes for LGBTQ individuals, reducing stressors related to societal stigma and discrimination.	eng	10	Chat GPT	G01379905
Improving mental healthcare access and effectiveness for immigrant populations requires culturally sensitive approaches and outreach efforts.	eng	9	Chat GPT	G01402226
Geographical challenges, such as vast and rugged terrain along borders, pose obstacles to implementing comprehensive immigration policies and enforcement strategies.	eng	2	Chat GPT	G01402226
Immigration can strengthen the national workforce by filling critical labor shortages in various sectors. This can contribute to economic security, a key aspect of national defense.	eng	8	Gemini	G01402226
Bilateral or multilateral agreements may include provisions related to same-sex marriage recognition, affecting diplomatic ties and cooperation between countries.	eng	14	Gemini	G01402226
Same-sex couples often encounter challenges in accessing marriage-related services, such as wedding venues and adoption agencies, due to discriminatory practices or lack of LGBTQ+ inclusivity.	eng	4	Gemini	G01379905
Political maneuvering within parties can lead to internal divisions over same-sex marriage policies, with factions advocating for different approaches based on ideological or electoral considerations.	eng	13	Chat GPT	G01402226
Effective communication and public trust are essential for ensuring effective immigration enforcement that doesn't alienate immigrant communities.	eng	8	Chat GPT	G01402226
Desired policy outcomes in same-sex marriage often include promoting equality, non-discrimination, and respect for diversity, both domestically and internationally.	eng	14	Chat GPT	G01402226
Getting ahead of public opinion by advocating for same-sex marriage rights can signal progressive leadership and attract support from younger, more liberal demographics.	eng	12	Chat GPT	G01402226
Social norms regarding labor and employment can impact policies on skilled immigration and guest worker programs, addressing economic needs and workforce demands.	eng	11	Chat GPT	G01402226
Financial benefits like shared health insurance and inheritance rights improve the economic well-being of same-sex spouses.	eng	10	Gemini	G01379905
The focus of national security should remain on identifying and mitigating threats based on qualifications and actions, not sexual orientation.	eng	8	immigrationequality.org	G01402226
Another policy suggestion is the implementation of comprehensive LGBTQ+ inclusive sex education programs in schools to promote understanding and acceptance of diverse relationships.	eng	6	Chat GPT	G01402226
Trends in public opinion can influence policy decisions regarding immigration, with shifts in cultural attitudes towards inclusivity or xenophobia impacting legislative outcomes.	eng	11	Chat GPT	G01379905
Same-sex marriage allows same-sex service members to have their spouses receive military benefits like healthcare and housing, improving their quality of life and potentially reducing deployment stress.	eng	8	Chat GPT	G01402226
Immigration can improve quality of life for many, offering better job opportunities and higher wages.	eng	10	Chat GPT	G01402226
Overall, same-sex marriage appears to be linked to positive health outcomes for LGBTQ+ couples.	eng	9	Chat GPT	G01379905
Comprehensive data collection and analysis are essential for assessing the effectiveness of immigration policies, including metrics such as border apprehensions, visa approval rates, and immigrant integration outcomes.	eng	6	Gemini	G01402226
Human resources shortages, such as trained officiants and wedding planners familiar with same-sex marriage needs, may limit couples' options and support networks.	eng	2	Gemini	G01402226
A society that embraces diversity and inclusion may be better equipped to understand and counter global threats that often stem from intolerance and prejudice.	eng	8	Chat GPT	G01379905
A strong social fabric built on inclusivity can foster a sense of national unity and purpose, potentially strengthening national security.	eng	8	Chat GPT	G01402226
Religious teachings on solidarity and interconnectedness compel believers to challenge policies that perpetuate inequality and injustice within immigration systems.	eng	15	Chat GPT	G01402226
Resistance to same-sex marriage may stem from entrenched cultural biases and social conservatism, leading to political opposition and legal challenges.	eng	11	Gemini	G01379905
Comparative analysis of immigration policies in other countries can provide insights into best practices and lessons learned, informing policy debates and decision-making processes.	eng	9	Chat GPT	G01402226
Brain drain, the emigration of highly skilled individuals, can negatively impact the development of a sending country.	eng	15	Chat GPT	G01402226
Immigrants contribute to the funding of social security and Medicare through payroll taxes, helping to support these programs as the population ages.	eng	1	Chat GPT	G01402226
Overall, while immigration presents both fiscal challenges and opportunities, evidence suggests that well-managed immigration policies can yield net positive economic outcomes for receiving countries over the long term.	eng	15	Chat GPT	G01402226
Diverging from public opinion on same-sex marriage may result in political consequences, as evidenced by the backlash against politicians who oppose marriage equality.	eng	12	Chat GPT	G01402226
The doctrine of federal preemption establishes that federal immigration laws supersede conflicting state and local laws, providing a framework for uniform immigration policy across the country.	eng	5	Chat GPT	G01402226
Financial barriers, including the cost of legal fees for marriage-related paperwork and ceremonies, may deter some same-sex couples from formalizing their relationships.	eng	2	immigrationequality.org	G01402226
Advocacy for same-sex marriage recognition at the international level can foster solidarity among LGBTQ+ communities worldwide and promote dialogue on human rights.	eng	14	Gemini	G01379905
Opponents of same-sex marriage may use it to fuel social division and extremist rhetoric, potentially impacting national security by creating distractions or internal conflicts.	eng	8	Chat GPT	G01402226
Spousal privilege in legal proceedings allows same-sex spouses to withhold testimony against their partner, similar to heterosexual couples.	eng	8	Chat GPT	G01402226
Community values of inclusivity and social justice may drive local initiatives and sanctuary policies aimed at protecting undocumented immigrants from deportation.	eng	11	Chat GPT	G01402226
Access to healthcare for immigrants is often limited due to factors such as legal status, language barriers, and lack of insurance coverage.	eng	9	immigrationequality.org	G01402226
The costs of immigration can include expenditures on public services such as education, healthcare, and social welfare programs for immigrants and their families.	eng	10	Chat GPT	G01402226
Same-sex marriage in the US grants couples legal recognition, leading to greater security and stability.	eng	10	Chat GPT	G01402226
Despite challenges, studies show an overall improvement in quality of life for many same-sex couples after marriage legalization.	eng	10	Gemini	G01402226
I will argue that the earth belongs to humanity in common and that this matters for assessing immigration policy.Â 	eng	11	Gemini	G01402226
Limited access to healthcare among immigrant communities can exacerbate health disparities and contribute to the spread of illness and disease.	eng	9	Chat GPT	G01402226
Conversely, same-sex marriage may be celebrated as a victory for civil rights and equality by parties seeking to align with progressive values and appeal to a broader base of voters.	eng	13	Gemini	G01402226
Immigration detention practices often target vulnerable populations, including asylum seekers and undocumented immigrants, amplifying existing social and economic disparities.	eng	7	geographical.co.uk	G01402226
Same-sex marriage hasn't shown any negative impacts on public health compared to heterosexual marriage.	eng	9	Chat GPT	G01402226
Desired policy outcomes in immigration often include balancing national security concerns with humanitarian obligations, fostering economic growth, and promoting social cohesion.	eng	4	Chat GPT	G01402226
Deportation can tear families apart and disrupt communities, impacting public safety by fostering a climate of fear and distrust.	eng	7	Chat GPT	G01402226
Partisan filibusters have been used to block or delay legislation related to same-sex marriage, with parties employing procedural tactics to advance or hinder marriage equality measures.	eng	13	Gemini	G01402226
Anticipating demographic shifts and evolving social attitudes towards same-sex marriage can inform strategic decision-making and policy formulation.	eng	12	Gemini	G01402226
Evaluating the effectiveness of these policies requires assessing their impact on reducing barriers to marriage equality and improving access to legal recognition and benefits for same-sex couples.	eng	6	Gemini	G01402226
Legal recognition of same-sex marriage can lead to cost savings for governments by streamlining administrative processes related to marriage and reducing legal disputes over relationship recognition.	eng	1	immigrationequality.org	G01402226
However, taking proactive measures to address immigration issues before they become politically contentious can demonstrate leadership and foresight.	eng	12	Gemini	G01402226
Legal recognition of same-sex marriage contributes to the health and safety of LGBTQ couples by providing access to crucial healthcare benefits, including insurance coverage for spouses.	eng	9	Gemini	G01402226
Opponents of same-sex marriage often cite religious beliefs, but morality extends beyond religious doctrine to encompass fairness, compassion, and empathy for all individuals.	eng	3	Chat GPT	G01402226
Stakeholder engagement and input from affected communities, including immigrants and advocacy organizations, are critical for understanding the real-world impacts of immigration policies and identifying areas for improvement.	eng	6	Chat GPT	G01402226
Family reunification, a major reason for immigration, can strengthen support networks and overall well-being.	eng	10	Chat GPT	G01402226
Punitive measures against same-sex couples, such as denial of marriage licenses or discrimination in adoption rights, perpetuate systemic inequalities and deny LGBTQ+ individuals their fundamental rights.	eng	4	Chat GPT	G01402226
Overall, while there are financial implications associated with same-sex marriage, the economic benefits of equality and inclusion outweigh the costs, contributing to a more prosperous and equitable society.	eng	11	Chat GPT	G01402226
Research hasn't shown a significant impact of same-sex marriage on overall crime rates.	eng	7	Chat GPT	G01402226
Trends in public opinion show increasing acceptance and support for same-sex marriage, with cultural shifts towards inclusivity and recognition of diverse relationships.	eng	11	Chat GPT	G01402226
Marriage equality grants same-sex couples legal protections against domestic violence and abuse, previously more difficult to address.	eng	7	Gemini	G01402226
Addressing barriers to healthcare access for immigrants is essential for ensuring public health and preventing the transmission of communicable diseases.	eng	9	Chat GPT	G01402226
While some corporations may assert religious objections to same-sex marriage, they are subject to anti-discrimination laws that prohibit discriminatory practices based on sexual orientation.	eng	5	Chat GPT	G01402226
Various policies have been proposed to address the problem of discrimination against same-sex couples in accessing marriage-related benefits and services.	eng	6	Gemini	G01402226
Integration of immigrants into communities can help counter extremist ideologies and build trust with law enforcement, aiding security efforts.	eng	8	Chat GPT	G01379905
Same-sex marriage promotes family acceptance and support, which can have positive implications for the mental and emotional well-being of LGBTQ individuals, reducing the risk of homelessness and isolation.	eng	3	immigrationequality.org	G01402226
Social norms surrounding immigration often reflect historical attitudes towards immigrants and perceptions of national identity.	eng	11	Chat GPT	G01402226
Conversely, cultural norms of fear of cultural change or economic competition may lead to policies advocating for stricter border controls and immigration restrictions.	eng	11	Chat GPT	G01402226
Same-sex marriage policies can influence external relations between nations, impacting perceptions of a country's commitment to human rights and equality on the global stage.	eng	14	Chat GPT	G01402226
Harsh immigration policies can incentivize crime by pushing immigrants into the shadows and limiting access to legal resources.	eng	7	Chat GPT	G01402226
Judicial interpretation of the Constitution has shaped immigration law and policy, establishing limits on government authority and protecting the rights of individuals and groups.	eng	5	Chat GPT	G01402226
Studies suggest same-sex marriage can lead to increased health insurance access and routine checkups, especially for gay men.	eng	9	geographical.co.uk	G01402226
Diverging from public opinion on immigration can carry political consequences, potentially alienating certain voter blocs or constituencies.	eng	12	geographical.co.uk	G01402226
Increased cultural diversity through immigration can enrich communities and broaden perspectives.	eng	1	Chat GPT	G01402226
The debate over same-sex marriage continues to evolve, reflecting changing societal attitudes and legal frameworks worldwide.	eng	15	Chat GPT	G01402226
The stress reduction from societal acceptance through same-sex marriage legalization might improve mental and physical health for LGBTQ+ couples.	eng	9	Gemini	G01402226
Partisan filibusters often stall immigration reform bills, with parties leveraging procedural tactics to advance or obstruct legislative agendas.	eng	13	immigrationequality.org	G01402226
Some politicians frame same-sex marriage as a litmus test for their party's commitment to equality and social progress, positioning support for marriage equality as a defining principle.	eng	13	Gemini	G01402226
Values such as compassion, hospitality, and respect for diversity may shape policies favoring refugee resettlement or pathways to citizenship for undocumented immigrants.	eng	11	Gemini	G01402226
However, immigrants also contribute to the economy through labor force participation, entrepreneurship, and tax revenue generation, which can offset some of these costs.	eng	1	Chat GPT	G01402226
Customs related to family reunification can influence policies on family-based immigration, prioritizing the reunification of nuclear families.	eng	11	Chat GPT	G01402226
Same-sex marriage legalization has been a landmark achievement in many countries, marking a significant step towards LGBTQ+ equality.	eng	15	Gemini	G01402226
Addressing concerns and misconceptions about immigration through education and outreach efforts can help shape public opinion and foster greater understanding.	eng	12	Chat GPT	G01402226
Increased cultural diversity through immigration can foster understanding and tolerance, potentially reducing societal tensions and promoting domestic security.	eng	8	Chat GPT	G01402226
General social attitudes towards immigration can vary widely depending on factors such as region, demographics, and political affiliation.	eng	12	Chat GPT	G01402226
Demographic information reveals disparities in attitudes towards immigration among different age groups, ethnicities, and socioeconomic backgrounds.	eng	12	Chat GPT	G01402226
Marriage equality promotes LGBTQ+ visibility and acceptance, which could lead to a decrease in hate crimes targeting same-sex couples.	eng	7	Gemini	G01402226
Differences in immigration policies between neighboring countries can lead to tensions and disputes over border security, migrant flows, and refugee resettlement.	eng	14	Chat GPT	G01402226
The mismatch between policy goals and available resources can lead to enforcement prioritization challenges and inconsistencies in immigration enforcement practices.	eng	2	Gemini	G01402226
Prevention of gun violence among immigrant populations requires comprehensive strategies addressing factors such as community safety, access to firearms, and mental health support.	eng	9	Chat GPT	G01402226
Respect for individual autonomy and the pursuit of happiness form the moral foundation for supporting same-sex marriage.	eng	3	Chat GPT	G01402226
Inspired by a sense of righteousness, religious communities may mobilize to support immigrants' rights and advocate for comprehensive immigration reform that upholds human dignity.	eng	3	Chat GPT	G01402226
One proposed policy involves the expansion of anti-discrimination laws to explicitly protect LGBTQ+ individuals from discrimination in marriage-related contexts.	eng	6	Chat GPT	G01402226
Marriage equality promotes workplace equality, reducing turnover costs associated with discrimination and enhancing productivity through a more inclusive work environment.	eng	1	Chat GPT	G01402226
The Bill of Rights guarantees certain freedoms to individuals, including the rights to due process and equal protection under the law, which apply to immigrants regardless of their status.	eng	5	Chat GPT	G01402226
Moral judgments on same-sex marriage often hinge on deeply held beliefs and cultural norms, but evolving perspectives acknowledge the intrinsic value of love and commitment regardless of gender.	eng	3	Gemini	G01402226
Immigration can lead to increased consumer demand, stimulating economic growth and creating new job opportunities in various sectors.	eng	1	Gemini	G01402226
However, domestic violence can occur in same-sex marriages just like heterosexual marriages.	eng	7	Chat GPT	G01402226
Re-entering the US after deportation is a federal crime with varying penalties depending on circumstances.	eng	7	Chat GPT	G01402226
Policymakers may face pressure to align immigration policies with public opinion to maintain political support and legitimacy.	eng	12	Gemini	G01402226
Ultimately, the morality of same-sex marriage lies in recognizing and affirming the inherent worth and equal rights of LGBTQ+ individuals to form loving and legally recognized unions.	eng	3	Gemini	G01402226
Public opinion on same-sex marriage is influenced by various factors, including media representation, personal relationships, and cultural norms.	eng	12	Chat GPT	G01402226
Some religious doctrines advocate for welcoming immigrants and refugees, citing moral imperatives to show compassion and hospitality to those in need.	eng	3	Gemini	G01402226
Entering the US without authorization is a civil violation, not a crime, but it can lead to deportation proceedings.	eng	7	Gemini	G01402226
Pilot programs and policy experiments, such as guest worker programs or regional migration agreements, offer opportunities to test innovative approaches but require careful monitoring and evaluation to assess their impact.	eng	6	Gemini	G01402226
Immigration entails both costs and benefits, with economic impacts varying depending on factors such as skill levels, employment patterns, and social services utilization.	eng	1	immigrationequality.org	G01402226
In jurisdictions where same-sex marriage is not legally recognized, LGBTQ+ couples face inequality in accessing marriage-related benefits, including tax benefits, inheritance rights, and spousal healthcare coverage.	eng	4	Gemini	G01402226
Language and cultural competency play vital roles in integration policies, with efforts to promote linguistic and cultural assimilation or multiculturalism reflecting cultural norms.	eng	11	Chat GPT	G01402226
Punishment for immigration violations can vary widely based on factors such as socioeconomic status and access to legal representation, leading to disparities in outcomes.	eng	4	Chat GPT	G01402226
Community support and advocacy play crucial roles in advancing same-sex marriage policies, mobilizing grassroots movements and shaping public opinion.	eng	12	Chat GPT	G01402226
Achieving true marriage equality necessitates ongoing legal reforms, public education, and advocacy efforts to dismantle discriminatory barriers and ensure that all couples have equal access to the institution of marriage.	eng	4	Chat GPT	G01402226
Lobbyist involvement in same-sex marriage debates often reflects the interests of advocacy groups, religious organizations, and businesses seeking to influence policy outcomes.	eng	13	Chat GPT	G01402226
Legal recognition allows same-sex couples to navigate the criminal justice system together if one partner is a victim or witness.	eng	7	Chat GPT	G01402226
Same-sex marriage equality advocates strive for impartial treatment under the law, ensuring that all couples, regardless of sexual orientation, have equal access to marriage rights and benefits.	eng	4	Chat GPT	G01402226
The First Amendment protects the rights of individuals and organizations to advocate for immigration reform and express dissent against government policies.	eng	6	Chat GPT	G01402226
Serious crimes committed by immigrants can result in deportation, even for legal residents.	eng	7	Gemini	G01402226
Same-sex couples have long fought for the right to marry, advocating for recognition of their relationships and equal treatment under the law.	eng	15	Gemini	G01402226
Immigration policies can affect government budgets at the federal, state, and local levels, influencing spending on law enforcement, social services, and infrastructure.	eng	1	Chat GPT	G01402226
Discrimination and xenophobia can undermine efforts to achieve immigration equality, perpetuating stereotypes and barriers to integration for immigrant communities.	eng	4	Chat GPT	G01402226
Cultural and societal resistance to same-sex marriage can create social stigmas and discrimination, affecting couples' well-being and sense of belonging.	eng	2	Chat GPT	G01402226
The recognition of same-sex marriage reflects a commitment to equality and dignity for all individuals, promoting a safer and more inclusive society where LGBTQ couples can thrive and access essential resources for their health and well-being.	eng	9	Gemini	G01402226
Ultimately, policymakers must navigate the complexities of immigration policy while balancing the demands of public opinion with the need to uphold principles of justice, human rights, and economic opportunity.	eng	6	Chat GPT	G01402226
In recent decades, immigration patterns have led to more cross-cultural experiences on both sides of the border.	eng	14	Chat GPT	G01402226
Education and awareness campaigns play a crucial role in shaping public opinion and dispelling myths and misconceptions about same-sex marriage.	eng	12	Gemini	G01402226
Human resources shortages, including qualified immigration judges and asylum officers, contribute to backlogs in immigration courts and processing delays.	eng	2	Chat GPT	G01402226
Collaboration on immigration issues can build trust and goodwill between nations, fostering stronger diplomatic relations and facilitating cooperation on broader global challenges.	eng	14	Gemini	G01402226
International comparisons of immigration policies and outcomes can inform policymakers about best practices and potential areas for improvement in managing migration.	eng	14	Chat GPT	G01402226
Increased social acceptance of LGBTQ+ individuals may lead to a more inclusive military environment, boosting morale and retention.	eng	8	Gemini	G01402226
Discrimination against same-sex couples in marriage laws and practices undermines efforts to achieve marriage equality, perpetuating stigma and marginalization within LGBTQ+ communities.	eng	5	Gemini	G01402226
The mismatch between policy goals of marriage equality and available resources for implementation can lead to disparities in enforcement and protection of same-sex couples' rights.	eng	6	Chat GPT	G01402226
Legalizing same-sex marriage has been celebrated as a victory for human rights and social justice, affirming the dignity and worth of LGBTQ+ individuals.	eng	15	Gemini	G01402226
Immigration policies can impact healthcare access by deterring immigrants from seeking medical care out of fear of deportation or discrimination.	eng	9	Gemini	G01402226
The societal acceptance of same-sex marriage can foster economic growth by attracting LGBTQ+ tourists and residents, bolstering local economies and real estate markets.	eng	1	Chat GPT	G01402226
Demographic information reveals generational divides, with younger generations expressing higher levels of support for same-sex marriage compared to older cohorts.	eng	12	Gemini	G01402226
Advocates for same-sex marriage equality emphasize the importance of recognizing love and commitment regardless of sexual orientation, promoting the principles of fairness and respect for individual autonomy.	eng	4	Chat GPT	G01402226
A balanced approach that addresses both border security and the needs of immigrant communities is necessary for a safer and more just society.	eng	7	Chat GPT	G01402226
General social attitudes towards same-sex marriage have shifted significantly in recent years, with increasing acceptance and support across various demographics.	eng	12	Chat GPT	G01402226
Deal-making and vote trading occur in same-sex marriage debates, as legislators negotiate support for marriage equality in exchange for concessions on other policy issues.	eng	13	Chat GPT	G01402226
International comparisons of same-sex marriage policies and outcomes can inform discussions on human rights standards and LGBTQ+ rights advocacy efforts.	eng	14	immigrationequality.org	G01402226
Some argue that undocumented immigrants are more likely to commit crimes, but research shows crime rates among immigrants are generally lower than native-born populations.	eng	7	Gemini	G01402226
Ensuring safe and healthy living conditions for immigrants involves addressing issues such as sanitation, housing quality, and access to healthcare and social services.	eng	9	Chat GPT	G01402226
Legal recognition of same-sex marriage facilitates access to legal protections and rights, such as hospital visitation rights and decision-making authority in medical emergencies, ensuring the safety of LGBTQ spouses.	eng	9	immigrationequality.org	G01379905
Overall, the legal landscape surrounding same-sex marriage reflects a balance between government regulation and individual freedoms, with courts serving as arbiters of constitutional rights and equality for all couples, regardless of sexual orientation.	eng	13	Chat GPT	G01402226
Same-sex marriage policies may intersect with broader foreign policy objectives, such as promoting democracy, human rights, and social justice on the global stage.	eng	14	Gemini	G01402226
Disparities in same-sex marriage laws between countries can lead to challenges for binational same-sex couples, impacting immigration policies, and family reunification procedures.	eng	14	hks.harvard.edu/	G01402226
Recognition of same-sex marriage eliminates legal ambiguities regarding spousal benefits and decision-making in case of injury or death during service.	eng	8	Gemini	G01402226
Reforms to the legal immigration system, including changes to visa categories and quotas, aim to streamline processes and address labor market demands but must balance economic priorities with humanitarian considerations.	eng	4	Gemini	G01402226
The ability to adopt children and raise families creates a sense of fulfillment and strengthens family life for some same-sex couples.	eng	10	Chat GPT	G01402226
Government constraints on same-sex marriage have been challenged and struck down by courts, including bans on same-sex marriage and discriminatory practices in marriage licensing and recognition.	eng	5	Gemini	G01402226
Executive authority over immigration is derived from the President's role as Commander-in-Chief and chief diplomat, allowing for the implementation of executive orders and directives to enforce immigration laws.	eng	5	Gemini	G01402226
Achieving true immigration equality necessitates comprehensive reforms that address systemic injustices and promote the fundamental principles of equality and justice for all.	eng	4	immigrationequality.org	G01402226
Marriage can provide a social support system which benefits health overall.	eng	10	Chat GPT	G01402226
Social norms regarding same-sex marriage have evolved significantly in recent years, reflecting changing attitudes towards LGBTQ+ rights and equality.	eng	5	Chat GPT	G01402226
Marriage equality allows for more open and honest relationships with family and friends, fostering social support.	eng	10	Chat GPT	G01402226
Immigration proposals may be crafted to appeal to swing voters or key constituencies in battleground states, strategically targeting regions with significant immigrant populations.	eng	13	Gemini	G01402226
Immigration policies may affect international perceptions of a country's openness and inclusivity, which can in turn impact tourism, foreign investment, and diplomatic relations.	eng	6	Gemini	G01402226
Same-sex marriage may encourage safer sex practices within the committed relationship.	eng	9	Gemini	G01402226
Geographical disparities in access to same-sex marriage rights may arise due to variations in state or national laws, creating inequalities within and between regions.	eng	2	Gemini	G01402226
Marriage equality fosters a supportive environment for LGBTQ couples, reducing the risk of intimate partner violence and improving safety within relationships.	eng	9	Chat GPT	G01402226
Lobbyist involvement in immigration policymaking can sway decision-makers through campaign contributions and advocacy efforts, influencing the direction of legislation.	eng	13	Chat GPT	G01402226
Same-sex marriage ceremonies often serve as joyous celebrations of love and commitment, bringing couples and their communities together in solidarity.	eng	11	Chat GPT	G01402226